Domain Code,Domain,Area Code (M49),Area,Element Code,Element,Item Code (CPC),Item,Year Code,Year,Unit,Value,Flag,Flag Description
"QCL","Crops and livestock products","566","Nigeria","5510","Production","01312","Bananas","2019","2019","t","0","M","Missing value (data cannot exist, not applicable)"
"QCL","Crops and livestock products","566","Nigeria","5510","Production","01312","Bananas","2020","2020","t","5583830","A","Official figure"
"QCL","Crops and livestock products","566","Nigeria","5510","Production","01312","Bananas","2021","2021","t","7388610","A","Official figure"
"QCL","Crops and livestock products","566","Nigeria","5510","Production","01312","Bananas","2022","2022","t","8019203.34","I","Imputed value"
"QCL","Crops and livestock products","566","Nigeria","5510","Production","24310.01","Beer of barley, malted","2013","2013","t","2650000","X","Figure from international organizations"
"QCL","Crops and livestock products","566","Nigeria","5510","Production","24310.01","Beer of barley, malted","2014","2014","t","2700000","X","Figure from international organizations"
"QCL","Crops and livestock products","566","Nigeria","5510","Production","24310.01","Beer of barley, malted","2015","2015","t","2700000","X","Figure from international organizations"
"QCL","Crops and livestock products","566","Nigeria","5510","Production","24310.01","Beer of barley, malted","2016","2016","t","2600000","X","Figure from international organizations"
"QCL","Crops and livestock products","566","Nigeria","5510","Production","24310.01","Beer of barley, malted","2017","2017","t","1750000","X","Figure from international organizations"
"QCL","Crops and livestock products","566","Nigeria","5510","Production","24310.01","Beer of barley, malted","2018","2018","t","1800000","X","Figure from international organizations"
"QCL","Crops and livestock products","566","Nigeria","5510","Production","24310.01","Beer of barley, malted","2019","2019","t","1800000","X","Figure from international organizations"
"QCL","Crops and livestock products","566","Nigeria","5510","Production","24310.01","Beer of barley, malted","2020","2020","t","1880000","X","Figure from international organizations"
"QCL","Crops and livestock products","566","Nigeria","5510","Production","24310.01","Beer of barley, malted","2021","2021","t","1799800","X","Figure from international organizations"
"QCL","Crops and livestock products","566","Nigeria","5510","Production","01251","Carrots and turnips","2013","2013","t","227694.13","I","Imputed value"
"QCL","Crops and livestock products","566","Nigeria","5510","Production","01251","Carrots and turnips","2014","2014","t","232574.44","I","Imputed value"
"QCL","Crops and livestock products","566","Nigeria","5510","Production","01251","Carrots and turnips","2015","2015","t","233849.9","I","Imputed value"
"QCL","Crops and livestock products","566","Nigeria","5510","Production","01251","Carrots and turnips","2016","2016","t","235888.37","I","Imputed value"
"QCL","Crops and livestock products","566","Nigeria","5510","Production","01251","Carrots and turnips","2017","2017","t","236145.17","I","Imputed value"
"QCL","Crops and livestock products","566","Nigeria","5510","Production","01251","Carrots and turnips","2018","2018","t","237480.83","I","Imputed value"
"QCL","Crops and livestock products","566","Nigeria","5510","Production","01251","Carrots and turnips","2019","2019","t","238128.9","I","Imputed value"
"QCL","Crops and livestock products","566","Nigeria","5510","Production","01251","Carrots and turnips","2020","2020","t","237303.76","I","Imputed value"
"QCL","Crops and livestock products","566","Nigeria","5510","Production","01251","Carrots and turnips","2021","2021","t","237628.32","I","Imputed value"
"QCL","Crops and livestock products","566","Nigeria","5510","Production","01251","Carrots and turnips","2022","2022","t","237952.89","I","Imputed value"
"QCL","Crops and livestock products","566","Nigeria","5510","Production","01372","Cashew nuts, in shell","2013","2013","t","192660.27","I","Imputed value"
"QCL","Crops and livestock products","566","Nigeria","5510","Production","01372","Cashew nuts, in shell","2014","2014","t","99010","A","Official figure"
"QCL","Crops and livestock products","566","Nigeria","5510","Production","01372","Cashew nuts, in shell","2015","2015","t","97149","A","Official figure"
"QCL","Crops and livestock products","566","Nigeria","5510","Production","01372","Cashew nuts, in shell","2016","2016","t","98291","A","Official figure"
"QCL","Crops and livestock products","566","Nigeria","5510","Production","01372","Cashew nuts, in shell","2017","2017","t","100000","E","Estimated value"
"QCL","Crops and livestock products","566","Nigeria","5510","Production","01372","Cashew nuts, in shell","2018","2018","t","100000","E","Estimated value"
"QCL","Crops and livestock products","566","Nigeria","5510","Production","01372","Cashew nuts, in shell","2019","2019","t","101500","E","Estimated value"
"QCL","Crops and livestock products","566","Nigeria","5510","Production","01372","Cashew nuts, in shell","2020","2020","t","91914.82","A","Official figure"
"QCL","Crops and livestock products","566","Nigeria","5510","Production","01372","Cashew nuts, in shell","2021","2021","t","82621.98","I","Imputed value"
"QCL","Crops and livestock products","566","Nigeria","5510","Production","01372","Cashew nuts, in shell","2022","2022","t","74690.67","I","Imputed value"
"QCL","Crops and livestock products","566","Nigeria","5510","Production","01520.01","Cassava, fresh","2013","2013","t","47406770","A","Official figure"
"QCL","Crops and livestock products","566","Nigeria","5510","Production","01520.01","Cassava, fresh","2014","2014","t","54324700","A","Official figure"
"QCL","Crops and livestock products","566","Nigeria","5510","Production","01520.01","Cassava, fresh","2015","2015","t","57405060","A","Official figure"
"QCL","Crops and livestock products","566","Nigeria","5510","Production","01520.01","Cassava, fresh","2016","2016","t","60529864","A","Official figure"
"QCL","Crops and livestock products","566","Nigeria","5510","Production","01520.01","Cassava, fresh","2017","2017","t","61350199","A","Official figure"
"QCL","Crops and livestock products","566","Nigeria","5510","Production","01520.01","Cassava, fresh","2018","2018","t","65350850","A","Official figure"
"QCL","Crops and livestock products","566","Nigeria","5510","Production","01520.01","Cassava, fresh","2019","2019","t","56969160","A","Official figure"
"QCL","Crops and livestock products","566","Nigeria","5510","Production","01520.01","Cassava, fresh","2020","2020","t","55565610","A","Official figure"
"QCL","Crops and livestock products","566","Nigeria","5510","Production","01520.01","Cassava, fresh","2021","2021","t","58237500","A","Official figure"
"QCL","Crops and livestock products","566","Nigeria","5510","Production","01520.01","Cassava, fresh","2022","2022","t","60835539.96","I","Imputed value"
"QCL","Crops and livestock products","566","Nigeria","5510","Production","01652","Chillies and peppers, dry (Capsicum spp., Pimenta spp.), raw","2013","2013","t","60000","E","Estimated value"
"QCL","Crops and livestock products","566","Nigeria","5510","Production","01652","Chillies and peppers, dry (Capsicum spp., Pimenta spp.), raw","2014","2014","t","60459.15","I","Imputed value"
"QCL","Crops and livestock products","566","Nigeria","5510","Production","01652","Chillies and peppers, dry (Capsicum spp., Pimenta spp.), raw","2015","2015","t","64811.06","I","Imputed value"
"QCL","Crops and livestock products","566","Nigeria","5510","Production","01652","Chillies and peppers, dry (Capsicum spp., Pimenta spp.), raw","2016","2016","t","61756.74","E","Estimated value"
"QCL","Crops and livestock products","566","Nigeria","5510","Production","01652","Chillies and peppers, dry (Capsicum spp., Pimenta spp.), raw","2017","2017","t","62609.76","I","Imputed value"
"QCL","Crops and livestock products","566","Nigeria","5510","Production","01652","Chillies and peppers, dry (Capsicum spp., Pimenta spp.), raw","2018","2018","t","62885.82","I","Imputed value"
"QCL","Crops and livestock products","566","Nigeria","5510","Production","01652","Chillies and peppers, dry (Capsicum spp., Pimenta spp.), raw","2019","2019","t","64732.79","I","Imputed value"
"QCL","Crops and livestock products","566","Nigeria","5510","Production","01652","Chillies and peppers, dry (Capsicum spp., Pimenta spp.), raw","2020","2020","t","65437.21","I","Imputed value"
"QCL","Crops and livestock products","566","Nigeria","5510","Production","01652","Chillies and peppers, dry (Capsicum spp., Pimenta spp.), raw","2021","2021","t","66044.9","I","Imputed value"
"QCL","Crops and livestock products","566","Nigeria","5510","Production","01652","Chillies and peppers, dry (Capsicum spp., Pimenta spp.), raw","2022","2022","t","65404.97","E","Estimated value"
"QCL","Crops and livestock products","566","Nigeria","5510","Production","01231","Chillies and peppers, green (Capsicum spp. and Pimenta spp.)","2013","2013","t","738324.14","I","Imputed value"
"QCL","Crops and livestock products","566","Nigeria","5510","Production","01231","Chillies and peppers, green (Capsicum spp. and Pimenta spp.)","2014","2014","t","742883.79","I","Imputed value"
"QCL","Crops and livestock products","566","Nigeria","5510","Production","01231","Chillies and peppers, green (Capsicum spp. and Pimenta spp.)","2015","2015","t","750105.38","I","Imputed value"
"QCL","Crops and livestock products","566","Nigeria","5510","Production","01231","Chillies and peppers, green (Capsicum spp. and Pimenta spp.)","2016","2016","t","755959.89","I","Imputed value"
"QCL","Crops and livestock products","566","Nigeria","5510","Production","01231","Chillies and peppers, green (Capsicum spp. and Pimenta spp.)","2017","2017","t","759149.58","I","Imputed value"
"QCL","Crops and livestock products","566","Nigeria","5510","Production","01231","Chillies and peppers, green (Capsicum spp. and Pimenta spp.)","2018","2018","t","762632.28","I","Imputed value"
"QCL","Crops and livestock products","566","Nigeria","5510","Production","01231","Chillies and peppers, green (Capsicum spp. and Pimenta spp.)","2019","2019","t","767574.41","I","Imputed value"
"QCL","Crops and livestock products","566","Nigeria","5510","Production","01231","Chillies and peppers, green (Capsicum spp. and Pimenta spp.)","2020","2020","t","766624.28","I","Imputed value"
"QCL","Crops and livestock products","566","Nigeria","5510","Production","01231","Chillies and peppers, green (Capsicum spp. and Pimenta spp.)","2021","2021","t","768654.03","I","Imputed value"
"QCL","Crops and livestock products","566","Nigeria","5510","Production","01231","Chillies and peppers, green (Capsicum spp. and Pimenta spp.)","2022","2022","t","770683.78","I","Imputed value"
"QCL","Crops and livestock products","566","Nigeria","5510","Production","01640","Cocoa beans","2013","2013","t","367000","X","Figure from international organizations"
"QCL","Crops and livestock products","566","Nigeria","5510","Production","01640","Cocoa beans","2014","2014","t","329870","A","Official figure"
"QCL","Crops and livestock products","566","Nigeria","5510","Production","01640","Cocoa beans","2015","2015","t","302066","A","Official figure"
"QCL","Crops and livestock products","566","Nigeria","5510","Production","01640","Cocoa beans","2016","2016","t","298029","A","Official figure"
"QCL","Crops and livestock products","566","Nigeria","5510","Production","01640","Cocoa beans","2017","2017","t","250000","X","Figure from international organizations"
"QCL","Crops and livestock products","566","Nigeria","5510","Production","01640","Cocoa beans","2018","2018","t","270000","X","Figure from international organizations"
"QCL","Crops and livestock products","566","Nigeria","5510","Production","01640","Cocoa beans","2019","2019","t","250000","X","Figure from international organizations"
"QCL","Crops and livestock products","566","Nigeria","5510","Production","01640","Cocoa beans","2020","2020","t","357608.24","A","Official figure"
"QCL","Crops and livestock products","566","Nigeria","5510","Production","01640","Cocoa beans","2021","2021","t","280000","X","Figure from international organizations"
"QCL","Crops and livestock products","566","Nigeria","5510","Production","01640","Cocoa beans","2022","2022","t","280000","X","Figure from international organizations"
"QCL","Crops and livestock products","566","Nigeria","5510","Production","2166","Coconut oil","2013","2013","t","10146.17","I","Imputed value"
"QCL","Crops and livestock products","566","Nigeria","5510","Production","2166","Coconut oil","2014","2014","t","12000","E","Estimated value"
"QCL","Crops and livestock products","566","Nigeria","5510","Production","2166","Coconut oil","2015","2015","t","10417.04","I","Imputed value"
"QCL","Crops and livestock products","566","Nigeria","5510","Production","2166","Coconut oil","2016","2016","t","9491.9","I","Imputed value"
"QCL","Crops and livestock products","566","Nigeria","5510","Production","2166","Coconut oil","2017","2017","t","9587.95","I","Imputed value"
"QCL","Crops and livestock products","566","Nigeria","5510","Production","2166","Coconut oil","2018","2018","t","10747.94","I","Imputed value"
"QCL","Crops and livestock products","566","Nigeria","5510","Production","2166","Coconut oil","2019","2019","t","10766.13","I","Imputed value"
"QCL","Crops and livestock products","566","Nigeria","5510","Production","2166","Coconut oil","2020","2020","t","9518.32","I","Imputed value"
"QCL","Crops and livestock products","566","Nigeria","5510","Production","2166","Coconut oil","2021","2021","t","9315.4","I","Imputed value"
"QCL","Crops and livestock products","566","Nigeria","5510","Production","01460","Coconuts, in shell","2013","2013","t","266045","X","Figure from international organizations"
"QCL","Crops and livestock products","566","Nigeria","5510","Production","01460","Coconuts, in shell","2014","2014","t","267520","X","Figure from international organizations"
"QCL","Crops and livestock products","566","Nigeria","5510","Production","01460","Coconuts, in shell","2015","2015","t","212800","X","Figure from international organizations"
"QCL","Crops and livestock products","566","Nigeria","5510","Production","01460","Coconuts, in shell","2016","2016","t","227200","X","Figure from international organizations"
"QCL","Crops and livestock products","566","Nigeria","5510","Production","01460","Coconuts, in shell","2017","2017","t","231200","X","Figure from international organizations"
"QCL","Crops and livestock products","566","Nigeria","5510","Production","01460","Coconuts, in shell","2018","2018","t","228000","X","Figure from international organizations"
"QCL","Crops and livestock products","566","Nigeria","5510","Production","01460","Coconuts, in shell","2019","2019","t","229000","X","Figure from international organizations"
"QCL","Crops and livestock products","566","Nigeria","5510","Production","01460","Coconuts, in shell","2020","2020","t","226000","X","Figure from international organizations"
"QCL","Crops and livestock products","566","Nigeria","5510","Production","01460","Coconuts, in shell","2021","2021","t","226000","X","Figure from international organizations"
"QCL","Crops and livestock products","566","Nigeria","5510","Production","01460","Coconuts, in shell","2022","2022","t","225526.79","I","Imputed value"
"QCL","Crops and livestock products","566","Nigeria","5510","Production","01610","Coffee, green","2013","2013","t","2100","X","Figure from international organizations"
"QCL","Crops and livestock products","566","Nigeria","5510","Production","01610","Coffee, green","2014","2014","t","1972.17","I","Imputed value"
"QCL","Crops and livestock products","566","Nigeria","5510","Production","01610","Coffee, green","2015","2015","t","1754.52","I","Imputed value"
"QCL","Crops and livestock products","566","Nigeria","5510","Production","01610","Coffee, green","2016","2016","t","1942.23","E","Estimated value"
"QCL","Crops and livestock products","566","Nigeria","5510","Production","01610","Coffee, green","2017","2017","t","1889.64","E","Estimated value"
"QCL","Crops and livestock products","566","Nigeria","5510","Production","01610","Coffee, green","2018","2018","t","1862.13","E","Estimated value"
"QCL","Crops and livestock products","566","Nigeria","5510","Production","01610","Coffee, green","2019","2019","t","1898","E","Estimated value"
"QCL","Crops and livestock products","566","Nigeria","5510","Production","01610","Coffee, green","2020","2020","t","1932.67","I","Imputed value"
"QCL","Crops and livestock products","566","Nigeria","5510","Production","01610","Coffee, green","2021","2021","t","1904.14","I","Imputed value"
"QCL","Crops and livestock products","566","Nigeria","5510","Production","01610","Coffee, green","2022","2022","t","1875.6","I","Imputed value"
"QCL","Crops and livestock products","566","Nigeria","5510","Production","01921.02","Cotton lint, ginned","2013","2013","t","94400","E","Estimated value"
"QCL","Crops and livestock products","566","Nigeria","5510","Production","01921.02","Cotton lint, ginned","2014","2014","t","101600","E","Estimated value"
"QCL","Crops and livestock products","566","Nigeria","5510","Production","01921.02","Cotton lint, ginned","2015","2015","t","97100","E","Estimated value"
"QCL","Crops and livestock products","566","Nigeria","5510","Production","01921.02","Cotton lint, ginned","2016","2016","t","97600","E","Estimated value"
"QCL","Crops and livestock products","566","Nigeria","5510","Production","01921.02","Cotton lint, ginned","2017","2017","t","51000","X","Figure from international organizations"
"QCL","Crops and livestock products","566","Nigeria","5510","Production","01921.02","Cotton lint, ginned","2018","2018","t","51000","X","Figure from international organizations"
"QCL","Crops and livestock products","566","Nigeria","5510","Production","01921.02","Cotton lint, ginned","2019","2019","t","44000","X","Figure from international organizations"
"QCL","Crops and livestock products","566","Nigeria","5510","Production","01921.02","Cotton lint, ginned","2020","2020","t","90000","X","Figure from international organizations"
"QCL","Crops and livestock products","566","Nigeria","5510","Production","01921.02","Cotton lint, ginned","2021","2021","t","93000","X","Figure from international organizations"
"QCL","Crops and livestock products","566","Nigeria","5510","Production","0143","Cotton seed","2013","2013","t","161800","E","Estimated value"
"QCL","Crops and livestock products","566","Nigeria","5510","Production","0143","Cotton seed","2014","2014","t","174100","E","Estimated value"
"QCL","Crops and livestock products","566","Nigeria","5510","Production","0143","Cotton seed","2015","2015","t","166500","E","Estimated value"
"QCL","Crops and livestock products","566","Nigeria","5510","Production","0143","Cotton seed","2016","2016","t","167300","E","Estimated value"
"QCL","Crops and livestock products","566","Nigeria","5510","Production","0143","Cotton seed","2017","2017","t","93000","X","Figure from international organizations"
"QCL","Crops and livestock products","566","Nigeria","5510","Production","0143","Cotton seed","2018","2018","t","92000","X","Figure from international organizations"
"QCL","Crops and livestock products","566","Nigeria","5510","Production","0143","Cotton seed","2019","2019","t","60000","X","Figure from international organizations"
"QCL","Crops and livestock products","566","Nigeria","5510","Production","0143","Cotton seed","2020","2020","t","125000","X","Figure from international organizations"
"QCL","Crops and livestock products","566","Nigeria","5510","Production","0143","Cotton seed","2021","2021","t","115000","X","Figure from international organizations"
"QCL","Crops and livestock products","566","Nigeria","5510","Production","2168","Cottonseed oil","2013","2013","t","14500","X","Figure from international organizations"
"QCL","Crops and livestock products","566","Nigeria","5510","Production","2168","Cottonseed oil","2014","2014","t","13800","X","Figure from international organizations"
"QCL","Crops and livestock products","566","Nigeria","5510","Production","2168","Cottonseed oil","2015","2015","t","14000","X","Figure from international organizations"
"QCL","Crops and livestock products","566","Nigeria","5510","Production","2168","Cottonseed oil","2016","2016","t","12500","X","Figure from international organizations"
"QCL","Crops and livestock products","566","Nigeria","5510","Production","2168","Cottonseed oil","2017","2017","t","12400","X","Figure from international organizations"
"QCL","Crops and livestock products","566","Nigeria","5510","Production","2168","Cottonseed oil","2018","2018","t","12000","X","Figure from international organizations"
"QCL","Crops and livestock products","566","Nigeria","5510","Production","2168","Cottonseed oil","2019","2019","t","10900","X","Figure from international organizations"
"QCL","Crops and livestock products","566","Nigeria","5510","Production","2168","Cottonseed oil","2020","2020","t","10000","X","Figure from international organizations"
"QCL","Crops and livestock products","566","Nigeria","5510","Production","2168","Cottonseed oil","2021","2021","t","16900","X","Figure from international organizations"
"QCL","Crops and livestock products","566","Nigeria","5510","Production","01706","Cow peas, dry","2013","2013","t","4630540","A","Official figure"
"QCL","Crops and livestock products","566","Nigeria","5510","Production","01706","Cow peas, dry","2014","2014","t","2137900","A","Official figure"
"QCL","Crops and livestock products","566","Nigeria","5510","Production","01706","Cow peas, dry","2015","2015","t","2306200","A","Official figure"
"QCL","Crops and livestock products","566","Nigeria","5510","Production","01706","Cow peas, dry","2016","2016","t","3750470","A","Official figure"
"QCL","Crops and livestock products","566","Nigeria","5510","Production","01706","Cow peas, dry","2017","2017","t","3874740","A","Official figure"
"QCL","Crops and livestock products","566","Nigeria","5510","Production","01706","Cow peas, dry","2018","2018","t","3750418.77","I","Imputed value"
"QCL","Crops and livestock products","566","Nigeria","5510","Production","01706","Cow peas, dry","2019","2019","t","3798358.66","I","Imputed value"
"QCL","Crops and livestock products","566","Nigeria","5510","Production","01706","Cow peas, dry","2020","2020","t","4132850","A","Official figure"
"QCL","Crops and livestock products","566","Nigeria","5510","Production","01706","Cow peas, dry","2021","2021","t","4213100","A","Official figure"
"QCL","Crops and livestock products","566","Nigeria","5510","Production","01706","Cow peas, dry","2022","2022","t","4133707.46","I","Imputed value"
"QCL","Crops and livestock products","566","Nigeria","5510","Production","01193","Fonio","2013","2013","t","81863.18","I","Imputed value"
"QCL","Crops and livestock products","566","Nigeria","5510","Production","01193","Fonio","2014","2014","t","82270","I","Imputed value"
"QCL","Crops and livestock products","566","Nigeria","5510","Production","01193","Fonio","2015","2015","t","83071.24","I","Imputed value"
"QCL","Crops and livestock products","566","Nigeria","5510","Production","01193","Fonio","2016","2016","t","83747.48","I","Imputed value"
"QCL","Crops and livestock products","566","Nigeria","5510","Production","01193","Fonio","2017","2017","t","84757.73","I","Imputed value"
"QCL","Crops and livestock products","566","Nigeria","5510","Production","01193","Fonio","2018","2018","t","85454.17","I","Imputed value"
"QCL","Crops and livestock products","566","Nigeria","5510","Production","01193","Fonio","2019","2019","t","84384.94","I","Imputed value"
"QCL","Crops and livestock products","566","Nigeria","5510","Production","01193","Fonio","2020","2020","t","83976.83","I","Imputed value"
"QCL","Crops and livestock products","566","Nigeria","5510","Production","01193","Fonio","2021","2021","t","84146.35","I","Imputed value"
"QCL","Crops and livestock products","566","Nigeria","5510","Production","01193","Fonio","2022","2022","t","84170","X","Figure from international organizations"
"QCL","Crops and livestock products","566","Nigeria","5510","Production","01657","Ginger, raw","2013","2013","t","496920","A","Official figure"
"QCL","Crops and livestock products","566","Nigeria","5510","Production","01657","Ginger, raw","2014","2014","t","168128.24","A","Official figure"
"QCL","Crops and livestock products","566","Nigeria","5510","Production","01657","Ginger, raw","2015","2015","t","413382.22","I","Imputed value"
"QCL","Crops and livestock products","566","Nigeria","5510","Production","01657","Ginger, raw","2016","2016","t","774887","A","Official figure"
"QCL","Crops and livestock products","566","Nigeria","5510","Production","01657","Ginger, raw","2017","2017","t","834634","A","Official figure"
"QCL","Crops and livestock products","566","Nigeria","5510","Production","01657","Ginger, raw","2018","2018","t","700000","E","Estimated value"
"QCL","Crops and livestock products","566","Nigeria","5510","Production","01657","Ginger, raw","2019","2019","t","663666.89","I","Imputed value"
"QCL","Crops and livestock products","566","Nigeria","5510","Production","01657","Ginger, raw","2020","2020","t","681390","A","Official figure"
"QCL","Crops and livestock products","566","Nigeria","5510","Production","01657","Ginger, raw","2021","2021","t","707100","A","Official figure"
"QCL","Crops and livestock products","566","Nigeria","5510","Production","01657","Ginger, raw","2022","2022","t","743527.47","I","Imputed value"
"QCL","Crops and livestock products","566","Nigeria","5510","Production","01290.01","Green corn (maize)","2013","2013","t","740569.11","I","Imputed value"
"QCL","Crops and livestock products","566","Nigeria","5510","Production","01290.01","Green corn (maize)","2014","2014","t","732454.55","I","Imputed value"
"QCL","Crops and livestock products","566","Nigeria","5510","Production","01290.01","Green corn (maize)","2015","2015","t","748287.46","I","Imputed value"
"QCL","Crops and livestock products","566","Nigeria","5510","Production","01290.01","Green corn (maize)","2016","2016","t","756633.56","I","Imputed value"
"QCL","Crops and livestock products","566","Nigeria","5510","Production","01290.01","Green corn (maize)","2017","2017","t","764414.14","I","Imputed value"
"QCL","Crops and livestock products","566","Nigeria","5510","Production","01290.01","Green corn (maize)","2018","2018","t","766468.52","I","Imputed value"
"QCL","Crops and livestock products","566","Nigeria","5510","Production","01290.01","Green corn (maize)","2019","2019","t","774578.04","I","Imputed value"
"QCL","Crops and livestock products","566","Nigeria","5510","Production","01290.01","Green corn (maize)","2020","2020","t","778788.94","I","Imputed value"
"QCL","Crops and livestock products","566","Nigeria","5510","Production","01290.01","Green corn (maize)","2021","2021","t","786662.77","I","Imputed value"
"QCL","Crops and livestock products","566","Nigeria","5510","Production","01290.01","Green corn (maize)","2022","2022","t","780009.92","E","Estimated value"
"QCL","Crops and livestock products","566","Nigeria","5510","Production","01252","Green garlic","2013","2013","t","600","E","Estimated value"
"QCL","Crops and livestock products","566","Nigeria","5510","Production","01252","Green garlic","2014","2014","t","1200","E","Estimated value"
"QCL","Crops and livestock products","566","Nigeria","5510","Production","01252","Green garlic","2015","2015","t","1800","E","Estimated value"
"QCL","Crops and livestock products","566","Nigeria","5510","Production","01252","Green garlic","2016","2016","t","2300","E","Estimated value"
"QCL","Crops and livestock products","566","Nigeria","5510","Production","01252","Green garlic","2017","2017","t","2300","E","Estimated value"
"QCL","Crops and livestock products","566","Nigeria","5510","Production","01252","Green garlic","2018","2018","t","1800","E","Estimated value"
"QCL","Crops and livestock products","566","Nigeria","5510","Production","01252","Green garlic","2019","2019","t","1275.52","I","Imputed value"
"QCL","Crops and livestock products","566","Nigeria","5510","Production","01252","Green garlic","2020","2020","t","2208.08","I","Imputed value"
"QCL","Crops and livestock products","566","Nigeria","5510","Production","01252","Green garlic","2021","2021","t","2154.06","I","Imputed value"
"QCL","Crops and livestock products","566","Nigeria","5510","Production","01252","Green garlic","2022","2022","t","2249.74","I","Imputed value"
"QCL","Crops and livestock products","566","Nigeria","5510","Production","23913","Green tea (not fermented), black tea (fermented) and partly fermented tea, in immediate packings of a content not exceeding 3 kg","2020","2020","t","1200","I","Imputed value"
"QCL","Crops and livestock products","566","Nigeria","5510","Production","23913","Green tea (not fermented), black tea (fermented) and partly fermented tea, in immediate packings of a content not exceeding 3 kg","2021","2021","t","1680","I","Imputed value"
"QCL","Crops and livestock products","566","Nigeria","5510","Production","2162","Groundnut oil","2013","2013","t","312500","X","Figure from international organizations"
"QCL","Crops and livestock products","566","Nigeria","5510","Production","2162","Groundnut oil","2014","2014","t","272500","X","Figure from international organizations"
"QCL","Crops and livestock products","566","Nigeria","5510","Production","2162","Groundnut oil","2015","2015","t","326700","X","Figure from international organizations"
"QCL","Crops and livestock products","566","Nigeria","5510","Production","2162","Groundnut oil","2016","2016","t","331100","X","Figure from international organizations"
"QCL","Crops and livestock products","566","Nigeria","5510","Production","2162","Groundnut oil","2017","2017","t","342000","X","Figure from international organizations"
"QCL","Crops and livestock products","566","Nigeria","5510","Production","2162","Groundnut oil","2018","2018","t","368500","X","Figure from international organizations"
"QCL","Crops and livestock products","566","Nigeria","5510","Production","2162","Groundnut oil","2019","2019","t","375100","X","Figure from international organizations"
"QCL","Crops and livestock products","566","Nigeria","5510","Production","2162","Groundnut oil","2020","2020","t","364100","X","Figure from international organizations"
"QCL","Crops and livestock products","566","Nigeria","5510","Production","2162","Groundnut oil","2021","2021","t","364100","X","Figure from international organizations"
"QCL","Crops and livestock products","566","Nigeria","5510","Production","0142","Groundnuts, excluding shelled","2013","2013","t","2474530","A","Official figure"
"QCL","Crops and livestock products","566","Nigeria","5510","Production","0142","Groundnuts, excluding shelled","2014","2014","t","3399158","A","Official figure"
"QCL","Crops and livestock products","566","Nigeria","5510","Production","0142","Groundnuts, excluding shelled","2015","2015","t","3467446","A","Official figure"
"QCL","Crops and livestock products","566","Nigeria","5510","Production","0142","Groundnuts, excluding shelled","2016","2016","t","4360500","A","Official figure"
"QCL","Crops and livestock products","566","Nigeria","5510","Production","0142","Groundnuts, excluding shelled","2017","2017","t","4521450","A","Official figure"
"QCL","Crops and livestock products","566","Nigeria","5510","Production","0142","Groundnuts, excluding shelled","2018","2018","t","4600000","E","Estimated value"
"QCL","Crops and livestock products","566","Nigeria","5510","Production","0142","Groundnuts, excluding shelled","2019","2019","t","4346335.07","I","Imputed value"
"QCL","Crops and livestock products","566","Nigeria","5510","Production","0142","Groundnuts, excluding shelled","2020","2020","t","4230560","A","Official figure"
"QCL","Crops and livestock products","566","Nigeria","5510","Production","0142","Groundnuts, excluding shelled","2021","2021","t","4227520","A","Official figure"
"QCL","Crops and livestock products","566","Nigeria","5510","Production","0142","Groundnuts, excluding shelled","2022","2022","t","4284000","X","Figure from international organizations"
"QCL","Crops and livestock products","566","Nigeria","5510","Production","01499.01","Karite nuts (sheanuts)","2013","2013","t","359336.84","I","Imputed value"
"QCL","Crops and livestock products","566","Nigeria","5510","Production","01499.01","Karite nuts (sheanuts)","2014","2014","t","360008.86","I","Imputed value"
"QCL","Crops and livestock products","566","Nigeria","5510","Production","01499.01","Karite nuts (sheanuts)","2015","2015","t","331494.8","I","Imputed value"
"QCL","Crops and livestock products","566","Nigeria","5510","Production","01499.01","Karite nuts (sheanuts)","2016","2016","t","350280.16","E","Estimated value"
"QCL","Crops and livestock products","566","Nigeria","5510","Production","01499.01","Karite nuts (sheanuts)","2017","2017","t","357984.66","I","Imputed value"
"QCL","Crops and livestock products","566","Nigeria","5510","Production","01499.01","Karite nuts (sheanuts)","2018","2018","t","363310.75","I","Imputed value"
"QCL","Crops and livestock products","566","Nigeria","5510","Production","01499.01","Karite nuts (sheanuts)","2019","2019","t","353321.67","I","Imputed value"
"QCL","Crops and livestock products","566","Nigeria","5510","Production","01499.01","Karite nuts (sheanuts)","2020","2020","t","350357.09","I","Imputed value"
"QCL","Crops and livestock products","566","Nigeria","5510","Production","01499.01","Karite nuts (sheanuts)","2021","2021","t","349371.51","I","Imputed value"
"QCL","Crops and livestock products","566","Nigeria","5510","Production","01499.01","Karite nuts (sheanuts)","2022","2022","t","348938.29","I","Imputed value"
"QCL","Crops and livestock products","566","Nigeria","5510","Production","01922.02","Kenaf, and other textile bast fibres, raw or retted","2013","2013","t","1390","E","Estimated value"
"QCL","Crops and livestock products","566","Nigeria","5510","Production","01922.02","Kenaf, and other textile bast fibres, raw or retted","2014","2014","t","1418.1","I","Imputed value"
"QCL","Crops and livestock products","566","Nigeria","5510","Production","01922.02","Kenaf, and other textile bast fibres, raw or retted","2015","2015","t","1450.71","I","Imputed value"
"QCL","Crops and livestock products","566","Nigeria","5510","Production","01922.02","Kenaf, and other textile bast fibres, raw or retted","2016","2016","t","1476.59","I","Imputed value"
"QCL","Crops and livestock products","566","Nigeria","5510","Production","01922.02","Kenaf, and other textile bast fibres, raw or retted","2017","2017","t","1501.1","I","Imputed value"
"QCL","Crops and livestock products","566","Nigeria","5510","Production","01922.02","Kenaf, and other textile bast fibres, raw or retted","2018","2018","t","1523.87","I","Imputed value"
"QCL","Crops and livestock products","566","Nigeria","5510","Production","01922.02","Kenaf, and other textile bast fibres, raw or retted","2019","2019","t","1544.86","I","Imputed value"
"QCL","Crops and livestock products","566","Nigeria","5510","Production","01922.02","Kenaf, and other textile bast fibres, raw or retted","2020","2020","t","1523.28","E","Estimated value"
"QCL","Crops and livestock products","566","Nigeria","5510","Production","01922.02","Kenaf, and other textile bast fibres, raw or retted","2021","2021","t","1530.67","E","Estimated value"
"QCL","Crops and livestock products","566","Nigeria","5510","Production","01922.02","Kenaf, and other textile bast fibres, raw or retted","2022","2022","t","1532.94","E","Estimated value"
"QCL","Crops and livestock products","566","Nigeria","5510","Production","01379.02","Kola nuts","2013","2013","t","132000","E","Estimated value"
"QCL","Crops and livestock products","566","Nigeria","5510","Production","01379.02","Kola nuts","2014","2014","t","167686","A","Official figure"
"QCL","Crops and livestock products","566","Nigeria","5510","Production","01379.02","Kola nuts","2015","2015","t","177010.52","I","Imputed value"
"QCL","Crops and livestock products","566","Nigeria","5510","Production","01379.02","Kola nuts","2016","2016","t","158898.84","E","Estimated value"
"QCL","Crops and livestock products","566","Nigeria","5510","Production","01379.02","Kola nuts","2017","2017","t","167865.12","E","Estimated value"
"QCL","Crops and livestock products","566","Nigeria","5510","Production","01379.02","Kola nuts","2018","2018","t","167745.21","I","Imputed value"
"QCL","Crops and livestock products","566","Nigeria","5510","Production","01379.02","Kola nuts","2019","2019","t","169070.75","I","Imputed value"
"QCL","Crops and livestock products","566","Nigeria","5510","Production","01379.02","Kola nuts","2020","2020","t","170461.92","A","Official figure"
"QCL","Crops and livestock products","566","Nigeria","5510","Production","01379.02","Kola nuts","2021","2021","t","171193.29","I","Imputed value"
"QCL","Crops and livestock products","566","Nigeria","5510","Production","01379.02","Kola nuts","2022","2022","t","174107.87","I","Imputed value"
"QCL","Crops and livestock products","566","Nigeria","5510","Production","0112","Maize (corn)","2013","2013","t","8422670","A","Official figure"
"QCL","Crops and livestock products","566","Nigeria","5510","Production","0112","Maize (corn)","2014","2014","t","10790600","A","Official figure"
"QCL","Crops and livestock products","566","Nigeria","5510","Production","0112","Maize (corn)","2015","2015","t","9540190","A","Official figure"
"QCL","Crops and livestock products","566","Nigeria","5510","Production","0112","Maize (corn)","2016","2016","t","10532340","A","Official figure"
"QCL","Crops and livestock products","566","Nigeria","5510","Production","0112","Maize (corn)","2017","2017","t","10632299","A","Official figure"
"QCL","Crops and livestock products","566","Nigeria","5510","Production","0112","Maize (corn)","2018","2018","t","10934149","A","Official figure"
"QCL","Crops and livestock products","566","Nigeria","5510","Production","0112","Maize (corn)","2019","2019","t","12598945","A","Official figure"
"QCL","Crops and livestock products","566","Nigeria","5510","Production","0112","Maize (corn)","2020","2020","t","12403300","A","Official figure"
"QCL","Crops and livestock products","566","Nigeria","5510","Production","0112","Maize (corn)","2021","2021","t","12744450","A","Official figure"
"QCL","Crops and livestock products","566","Nigeria","5510","Production","0112","Maize (corn)","2022","2022","t","12948920","X","Figure from international organizations"
"QCL","Crops and livestock products","566","Nigeria","5510","Production","01316","Mangoes, guavas and mangosteens","2013","2013","t","858000","E","Estimated value"
"QCL","Crops and livestock products","566","Nigeria","5510","Production","01316","Mangoes, guavas and mangosteens","2014","2014","t","875000","E","Estimated value"
"QCL","Crops and livestock products","566","Nigeria","5510","Production","01316","Mangoes, guavas and mangosteens","2015","2015","t","890630.12","I","Imputed value"
"QCL","Crops and livestock products","566","Nigeria","5510","Production","01316","Mangoes, guavas and mangosteens","2016","2016","t","904992.35","I","Imputed value"
"QCL","Crops and livestock products","566","Nigeria","5510","Production","01316","Mangoes, guavas and mangosteens","2017","2017","t","919505.39","I","Imputed value"
"QCL","Crops and livestock products","566","Nigeria","5510","Production","01316","Mangoes, guavas and mangosteens","2018","2018","t","933430.8","I","Imputed value"
"QCL","Crops and livestock products","566","Nigeria","5510","Production","01316","Mangoes, guavas and mangosteens","2019","2019","t","937038.53","I","Imputed value"
"QCL","Crops and livestock products","566","Nigeria","5510","Production","01316","Mangoes, guavas and mangosteens","2020","2020","t","945497.73","I","Imputed value"
"QCL","Crops and livestock products","566","Nigeria","5510","Production","01316","Mangoes, guavas and mangosteens","2021","2021","t","938655.69","E","Estimated value"
"QCL","Crops and livestock products","566","Nigeria","5510","Production","01316","Mangoes, guavas and mangosteens","2022","2022","t","940397.31","E","Estimated value"
"QCL","Crops and livestock products","566","Nigeria","5510","Production","01449.01","Melonseed","2013","2013","t","534001","I","Imputed value"
"QCL","Crops and livestock products","566","Nigeria","5510","Production","01449.01","Melonseed","2014","2014","t","550245.58","I","Imputed value"
"QCL","Crops and livestock products","566","Nigeria","5510","Production","01449.01","Melonseed","2015","2015","t","566671.97","I","Imputed value"
"QCL","Crops and livestock products","566","Nigeria","5510","Production","01449.01","Melonseed","2016","2016","t","550306.18","E","Estimated value"
"QCL","Crops and livestock products","566","Nigeria","5510","Production","01449.01","Melonseed","2017","2017","t","567305.69","I","Imputed value"
"QCL","Crops and livestock products","566","Nigeria","5510","Production","01449.01","Melonseed","2018","2018","t","585085.23","I","Imputed value"
"QCL","Crops and livestock products","566","Nigeria","5510","Production","01449.01","Melonseed","2019","2019","t","567565.7","E","Estimated value"
"QCL","Crops and livestock products","566","Nigeria","5510","Production","01449.01","Melonseed","2020","2020","t","573318.87","E","Estimated value"
"QCL","Crops and livestock products","566","Nigeria","5510","Production","01449.01","Melonseed","2021","2021","t","575323.27","E","Estimated value"
"QCL","Crops and livestock products","566","Nigeria","5510","Production","01449.01","Melonseed","2022","2022","t","572069.28","E","Estimated value"
"QCL","Crops and livestock products","566","Nigeria","5510","Production","0118","Millet","2013","2013","t","909560","A","Official figure"
"QCL","Crops and livestock products","566","Nigeria","5510","Production","0118","Millet","2014","2014","t","1846200","A","Official figure"
"QCL","Crops and livestock products","566","Nigeria","5510","Production","0118","Millet","2015","2015","t","1807810","A","Official figure"
"QCL","Crops and livestock products","566","Nigeria","5510","Production","0118","Millet","2016","2016","t","1487220","A","Official figure"
"QCL","Crops and livestock products","566","Nigeria","5510","Production","0118","Millet","2017","2017","t","1528250","A","Official figure"
"QCL","Crops and livestock products","566","Nigeria","5510","Production","0118","Millet","2018","2018","t","1879340","A","Official figure"
"QCL","Crops and livestock products","566","Nigeria","5510","Production","0118","Millet","2019","2019","t","1925075","A","Official figure"
"QCL","Crops and livestock products","566","Nigeria","5510","Production","0118","Millet","2020","2020","t","1905430","A","Official figure"
"QCL","Crops and livestock products","566","Nigeria","5510","Production","0118","Millet","2021","2021","t","1926950","A","Official figure"
"QCL","Crops and livestock products","566","Nigeria","5510","Production","0118","Millet","2022","2022","t","1941220","X","Figure from international organizations"
"QCL","Crops and livestock products","566","Nigeria","5510","Production","23540","Molasses","2013","2013","t","5435","I","Imputed value"
"QCL","Crops and livestock products","566","Nigeria","5510","Production","23540","Molasses","2014","2014","t","15000","X","Figure from international organizations"
"QCL","Crops and livestock products","566","Nigeria","5510","Production","23540","Molasses","2015","2015","t","15000","X","Figure from international organizations"
"QCL","Crops and livestock products","566","Nigeria","5510","Production","23540","Molasses","2016","2016","t","15000","X","Figure from international organizations"
"QCL","Crops and livestock products","566","Nigeria","5510","Production","23540","Molasses","2017","2017","t","15000","X","Figure from international organizations"
"QCL","Crops and livestock products","566","Nigeria","5510","Production","23540","Molasses","2018","2018","t","18000","X","Figure from international organizations"
"QCL","Crops and livestock products","566","Nigeria","5510","Production","23540","Molasses","2019","2019","t","21000","X","Figure from international organizations"
"QCL","Crops and livestock products","566","Nigeria","5510","Production","23540","Molasses","2020","2020","t","8900","I","Imputed value"
"QCL","Crops and livestock products","566","Nigeria","5510","Production","23540","Molasses","2021","2021","t","17075","I","Imputed value"
"QCL","Crops and livestock products","566","Nigeria","5510","Production","01950.01","Natural rubber in primary forms","2013","2013","t","150110.17","I","Imputed value"
"QCL","Crops and livestock products","566","Nigeria","5510","Production","01950.01","Natural rubber in primary forms","2014","2014","t","148863.72","I","Imputed value"
"QCL","Crops and livestock products","566","Nigeria","5510","Production","01950.01","Natural rubber in primary forms","2015","2015","t","146944.98","I","Imputed value"
"QCL","Crops and livestock products","566","Nigeria","5510","Production","01950.01","Natural rubber in primary forms","2016","2016","t","146275.92","I","Imputed value"
"QCL","Crops and livestock products","566","Nigeria","5510","Production","01950.01","Natural rubber in primary forms","2017","2017","t","146842.33","I","Imputed value"
"QCL","Crops and livestock products","566","Nigeria","5510","Production","01950.01","Natural rubber in primary forms","2018","2018","t","147509.98","I","Imputed value"
"QCL","Crops and livestock products","566","Nigeria","5510","Production","01950.01","Natural rubber in primary forms","2019","2019","t","148493.96","I","Imputed value"
"QCL","Crops and livestock products","566","Nigeria","5510","Production","01950.01","Natural rubber in primary forms","2020","2020","t","148528.18","I","Imputed value"
"QCL","Crops and livestock products","566","Nigeria","5510","Production","01950.01","Natural rubber in primary forms","2021","2021","t","148962.42","I","Imputed value"
"QCL","Crops and livestock products","566","Nigeria","5510","Production","01950.01","Natural rubber in primary forms","2022","2022","t","149396.65","I","Imputed value"
"QCL","Crops and livestock products","566","Nigeria","5510","Production","21691.14","Oil of palm kernel","2013","2013","t","105800","X","Figure from international organizations"
"QCL","Crops and livestock products","566","Nigeria","5510","Production","21691.14","Oil of palm kernel","2014","2014","t","109500","X","Figure from international organizations"
"QCL","Crops and livestock products","566","Nigeria","5510","Production","21691.14","Oil of palm kernel","2015","2015","t","112700","X","Figure from international organizations"
"QCL","Crops and livestock products","566","Nigeria","5510","Production","21691.14","Oil of palm kernel","2016","2016","t","115000","X","Figure from international organizations"
"QCL","Crops and livestock products","566","Nigeria","5510","Production","21691.14","Oil of palm kernel","2017","2017","t","124200","X","Figure from international organizations"
"QCL","Crops and livestock products","566","Nigeria","5510","Production","21691.14","Oil of palm kernel","2018","2018","t","134300","X","Figure from international organizations"
"QCL","Crops and livestock products","566","Nigeria","5510","Production","21691.14","Oil of palm kernel","2019","2019","t","139800","X","Figure from international organizations"
"QCL","Crops and livestock products","566","Nigeria","5510","Production","21691.14","Oil of palm kernel","2020","2020","t","146300","X","Figure from international organizations"
"QCL","Crops and livestock products","566","Nigeria","5510","Production","21691.14","Oil of palm kernel","2021","2021","t","150900","X","Figure from international organizations"
"QCL","Crops and livestock products","566","Nigeria","5510","Production","21691.07","Oil of sesame seed","2013","2013","t","90138.66","I","Imputed value"
"QCL","Crops and livestock products","566","Nigeria","5510","Production","21691.07","Oil of sesame seed","2014","2014","t","55602.21","I","Imputed value"
"QCL","Crops and livestock products","566","Nigeria","5510","Production","21691.07","Oil of sesame seed","2015","2015","t","49809.8","I","Imputed value"
"QCL","Crops and livestock products","566","Nigeria","5510","Production","21691.07","Oil of sesame seed","2016","2016","t","80803.73","I","Imputed value"
"QCL","Crops and livestock products","566","Nigeria","5510","Production","21691.07","Oil of sesame seed","2017","2017","t","92367.57","I","Imputed value"
"QCL","Crops and livestock products","566","Nigeria","5510","Production","21691.07","Oil of sesame seed","2018","2018","t","64165.15","I","Imputed value"
"QCL","Crops and livestock products","566","Nigeria","5510","Production","21691.07","Oil of sesame seed","2019","2019","t","51564.97","I","Imputed value"
"QCL","Crops and livestock products","566","Nigeria","5510","Production","21691.07","Oil of sesame seed","2020","2020","t","33382.3","I","Imputed value"
"QCL","Crops and livestock products","566","Nigeria","5510","Production","21691.07","Oil of sesame seed","2021","2021","t","58627.52","I","Imputed value"
"QCL","Crops and livestock products","566","Nigeria","5510","Production","01491.01","Oil palm fruit","2013","2013","t","8000000","E","Estimated value"
"QCL","Crops and livestock products","566","Nigeria","5510","Production","01491.01","Oil palm fruit","2014","2014","t","8200000","E","Estimated value"
"QCL","Crops and livestock products","566","Nigeria","5510","Production","01491.01","Oil palm fruit","2015","2015","t","8300000","E","Estimated value"
"QCL","Crops and livestock products","566","Nigeria","5510","Production","01491.01","Oil palm fruit","2016","2016","t","8500000","E","Estimated value"
"QCL","Crops and livestock products","566","Nigeria","5510","Production","01491.01","Oil palm fruit","2017","2017","t","9100000","E","Estimated value"
"QCL","Crops and livestock products","566","Nigeria","5510","Production","01491.01","Oil palm fruit","2018","2018","t","9600000","E","Estimated value"
"QCL","Crops and livestock products","566","Nigeria","5510","Production","01491.01","Oil palm fruit","2019","2019","t","9697763.53","I","Imputed value"
"QCL","Crops and livestock products","566","Nigeria","5510","Production","01491.01","Oil palm fruit","2020","2020","t","10000000","E","Estimated value"
"QCL","Crops and livestock products","566","Nigeria","5510","Production","01491.01","Oil palm fruit","2021","2021","t","12500000","E","Estimated value"
"QCL","Crops and livestock products","566","Nigeria","5510","Production","01491.01","Oil palm fruit","2022","2022","t","12608938.08","I","Imputed value"
"QCL","Crops and livestock products","566","Nigeria","5510","Production","01239.01","Okra","2013","2013","t","1886200","A","Official figure"
"QCL","Crops and livestock products","566","Nigeria","5510","Production","01239.01","Okra","2014","2014","t","2039500","A","Official figure"
"QCL","Crops and livestock products","566","Nigeria","5510","Production","01239.01","Okra","2015","2015","t","2067900","A","Official figure"
"QCL","Crops and livestock products","566","Nigeria","5510","Production","01239.01","Okra","2016","2016","t","1461600","A","Official figure"
"QCL","Crops and livestock products","566","Nigeria","5510","Production","01239.01","Okra","2017","2017","t","1561900","A","Official figure"
"QCL","Crops and livestock products","566","Nigeria","5510","Production","01239.01","Okra","2018","2018","t","1692881.29","I","Imputed value"
"QCL","Crops and livestock products","566","Nigeria","5510","Production","01239.01","Okra","2019","2019","t","1751216.5","I","Imputed value"
"QCL","Crops and livestock products","566","Nigeria","5510","Production","01239.01","Okra","2020","2020","t","1758180","A","Official figure"
"QCL","Crops and livestock products","566","Nigeria","5510","Production","01239.01","Okra","2021","2021","t","1803030","A","Official figure"
"QCL","Crops and livestock products","566","Nigeria","5510","Production","01239.01","Okra","2022","2022","t","1911818.5","I","Imputed value"
"QCL","Crops and livestock products","566","Nigeria","5510","Production","01253.02","Onions and shallots, dry (excluding dehydrated)","2013","2013","t","899700","A","Official figure"
"QCL","Crops and livestock products","566","Nigeria","5510","Production","01253.02","Onions and shallots, dry (excluding dehydrated)","2014","2014","t","1178400","A","Official figure"
"QCL","Crops and livestock products","566","Nigeria","5510","Production","01253.02","Onions and shallots, dry (excluding dehydrated)","2015","2015","t","1219880","A","Official figure"
"QCL","Crops and livestock products","566","Nigeria","5510","Production","01253.02","Onions and shallots, dry (excluding dehydrated)","2016","2016","t","1249500","A","Official figure"
"QCL","Crops and livestock products","566","Nigeria","5510","Production","01253.02","Onions and shallots, dry (excluding dehydrated)","2017","2017","t","1346100","A","Official figure"
"QCL","Crops and livestock products","566","Nigeria","5510","Production","01253.02","Onions and shallots, dry (excluding dehydrated)","2018","2018","t","1416960","A","Official figure"
"QCL","Crops and livestock products","566","Nigeria","5510","Production","01253.02","Onions and shallots, dry (excluding dehydrated)","2019","2019","t","1464280","A","Official figure"
"QCL","Crops and livestock products","566","Nigeria","5510","Production","01253.02","Onions and shallots, dry (excluding dehydrated)","2020","2020","t","1517270","A","Official figure"
"QCL","Crops and livestock products","566","Nigeria","5510","Production","01253.02","Onions and shallots, dry (excluding dehydrated)","2021","2021","t","1534430","A","Official figure"
"QCL","Crops and livestock products","566","Nigeria","5510","Production","01253.02","Onions and shallots, dry (excluding dehydrated)","2022","2022","t","1554965.75","I","Imputed value"
"QCL","Crops and livestock products","566","Nigeria","5510","Production","01253.01","Onions and shallots, green","2013","2013","t","235000","E","Estimated value"
"QCL","Crops and livestock products","566","Nigeria","5510","Production","01253.01","Onions and shallots, green","2014","2014","t","235000","E","Estimated value"
"QCL","Crops and livestock products","566","Nigeria","5510","Production","01253.01","Onions and shallots, green","2015","2015","t","234550.1","I","Imputed value"
"QCL","Crops and livestock products","566","Nigeria","5510","Production","01253.01","Onions and shallots, green","2016","2016","t","234067.87","I","Imputed value"
"QCL","Crops and livestock products","566","Nigeria","5510","Production","01253.01","Onions and shallots, green","2017","2017","t","233831.71","I","Imputed value"
"QCL","Crops and livestock products","566","Nigeria","5510","Production","01253.01","Onions and shallots, green","2018","2018","t","233681.13","I","Imputed value"
"QCL","Crops and livestock products","566","Nigeria","5510","Production","01253.01","Onions and shallots, green","2019","2019","t","244743.27","I","Imputed value"
"QCL","Crops and livestock products","566","Nigeria","5510","Production","01253.01","Onions and shallots, green","2020","2020","t","244444.07","I","Imputed value"
"QCL","Crops and livestock products","566","Nigeria","5510","Production","01253.01","Onions and shallots, green","2021","2021","t","240956.16","E","Estimated value"
"QCL","Crops and livestock products","566","Nigeria","5510","Production","01253.01","Onions and shallots, green","2022","2022","t","243381.17","E","Estimated value"
"QCL","Crops and livestock products","566","Nigeria","5510","Production","01329","Other citrus fruit, n.e.c.","2013","2013","t","3800000","E","Estimated value"
"QCL","Crops and livestock products","566","Nigeria","5510","Production","01329","Other citrus fruit, n.e.c.","2014","2014","t","3858831.35","I","Imputed value"
"QCL","Crops and livestock products","566","Nigeria","5510","Production","01329","Other citrus fruit, n.e.c.","2015","2015","t","3974126.05","I","Imputed value"
"QCL","Crops and livestock products","566","Nigeria","5510","Production","01329","Other citrus fruit, n.e.c.","2016","2016","t","4040573.16","I","Imputed value"
"QCL","Crops and livestock products","566","Nigeria","5510","Production","01329","Other citrus fruit, n.e.c.","2017","2017","t","4074478.51","I","Imputed value"
"QCL","Crops and livestock products","566","Nigeria","5510","Production","01329","Other citrus fruit, n.e.c.","2018","2018","t","4121163.19","I","Imputed value"
"QCL","Crops and livestock products","566","Nigeria","5510","Production","01329","Other citrus fruit, n.e.c.","2019","2019","t","4169602.36","I","Imputed value"
"QCL","Crops and livestock products","566","Nigeria","5510","Production","01329","Other citrus fruit, n.e.c.","2020","2020","t","4183328.82","I","Imputed value"
"QCL","Crops and livestock products","566","Nigeria","5510","Production","01329","Other citrus fruit, n.e.c.","2021","2021","t","4223957.09","I","Imputed value"
"QCL","Crops and livestock products","566","Nigeria","5510","Production","01329","Other citrus fruit, n.e.c.","2022","2022","t","4192296.09","E","Estimated value"
"QCL","Crops and livestock products","566","Nigeria","5510","Production","01929.90","Other fibre crops, raw, n.e.c.","2013","2013","t","0","M","Missing value (data cannot exist, not applicable)"
"QCL","Crops and livestock products","566","Nigeria","5510","Production","01929.90","Other fibre crops, raw, n.e.c.","2014","2014","t","0","M","Missing value (data cannot exist, not applicable)"
"QCL","Crops and livestock products","566","Nigeria","5510","Production","01929.90","Other fibre crops, raw, n.e.c.","2015","2015","t","0","M","Missing value (data cannot exist, not applicable)"
"QCL","Crops and livestock products","566","Nigeria","5510","Production","01929.90","Other fibre crops, raw, n.e.c.","2016","2016","t","0","M","Missing value (data cannot exist, not applicable)"
"QCL","Crops and livestock products","566","Nigeria","5510","Production","01929.90","Other fibre crops, raw, n.e.c.","2017","2017","t","0","M","Missing value (data cannot exist, not applicable)"
"QCL","Crops and livestock products","566","Nigeria","5510","Production","01929.90","Other fibre crops, raw, n.e.c.","2018","2018","t","0","M","Missing value (data cannot exist, not applicable)"
"QCL","Crops and livestock products","566","Nigeria","5510","Production","01929.90","Other fibre crops, raw, n.e.c.","2019","2019","t","0","M","Missing value (data cannot exist, not applicable)"
"QCL","Crops and livestock products","566","Nigeria","5510","Production","01929.90","Other fibre crops, raw, n.e.c.","2020","2020","t","0","M","Missing value (data cannot exist, not applicable)"
"QCL","Crops and livestock products","566","Nigeria","5510","Production","01929.90","Other fibre crops, raw, n.e.c.","2021","2021","t","0","M","Missing value (data cannot exist, not applicable)"
"QCL","Crops and livestock products","566","Nigeria","5510","Production","01929.90","Other fibre crops, raw, n.e.c.","2022","2022","t","0","M","Missing value (data cannot exist, not applicable)"
"QCL","Crops and livestock products","566","Nigeria","5510","Production","01359.90","Other fruits, n.e.c.","2013","2013","t","1280000","E","Estimated value"
"QCL","Crops and livestock products","566","Nigeria","5510","Production","01359.90","Other fruits, n.e.c.","2014","2014","t","1264294.15","I","Imputed value"
"QCL","Crops and livestock products","566","Nigeria","5510","Production","01359.90","Other fruits, n.e.c.","2015","2015","t","1200358.76","I","Imputed value"
"QCL","Crops and livestock products","566","Nigeria","5510","Production","01359.90","Other fruits, n.e.c.","2016","2016","t","1248217.64","E","Estimated value"
"QCL","Crops and livestock products","566","Nigeria","5510","Production","01359.90","Other fruits, n.e.c.","2017","2017","t","1283216.65","I","Imputed value"
"QCL","Crops and livestock products","566","Nigeria","5510","Production","01359.90","Other fruits, n.e.c.","2018","2018","t","1243931.02","E","Estimated value"
"QCL","Crops and livestock products","566","Nigeria","5510","Production","01359.90","Other fruits, n.e.c.","2019","2019","t","1282060.92","I","Imputed value"
"QCL","Crops and livestock products","566","Nigeria","5510","Production","01359.90","Other fruits, n.e.c.","2020","2020","t","1289925.67","I","Imputed value"
"QCL","Crops and livestock products","566","Nigeria","5510","Production","01359.90","Other fruits, n.e.c.","2021","2021","t","1293604.15","I","Imputed value"
"QCL","Crops and livestock products","566","Nigeria","5510","Production","01359.90","Other fruits, n.e.c.","2022","2022","t","1295704.01","I","Imputed value"
"QCL","Crops and livestock products","566","Nigeria","5510","Production","01379.90","Other nuts (excluding wild edible nuts and groundnuts), in shell, n.e.c.","2013","2013","t","7200","E","Estimated value"
"QCL","Crops and livestock products","566","Nigeria","5510","Production","01379.90","Other nuts (excluding wild edible nuts and groundnuts), in shell, n.e.c.","2014","2014","t","7507.42","I","Imputed value"
"QCL","Crops and livestock products","566","Nigeria","5510","Production","01379.90","Other nuts (excluding wild edible nuts and groundnuts), in shell, n.e.c.","2015","2015","t","7388.64","I","Imputed value"
"QCL","Crops and livestock products","566","Nigeria","5510","Production","01379.90","Other nuts (excluding wild edible nuts and groundnuts), in shell, n.e.c.","2016","2016","t","7320.77","I","Imputed value"
"QCL","Crops and livestock products","566","Nigeria","5510","Production","01379.90","Other nuts (excluding wild edible nuts and groundnuts), in shell, n.e.c.","2017","2017","t","7293.18","I","Imputed value"
"QCL","Crops and livestock products","566","Nigeria","5510","Production","01379.90","Other nuts (excluding wild edible nuts and groundnuts), in shell, n.e.c.","2018","2018","t","7277.61","I","Imputed value"
"QCL","Crops and livestock products","566","Nigeria","5510","Production","01379.90","Other nuts (excluding wild edible nuts and groundnuts), in shell, n.e.c.","2019","2019","t","7297.19","E","Estimated value"
"QCL","Crops and livestock products","566","Nigeria","5510","Production","01379.90","Other nuts (excluding wild edible nuts and groundnuts), in shell, n.e.c.","2020","2020","t","7663.03","I","Imputed value"
"QCL","Crops and livestock products","566","Nigeria","5510","Production","01379.90","Other nuts (excluding wild edible nuts and groundnuts), in shell, n.e.c.","2021","2021","t","7412.61","E","Estimated value"
"QCL","Crops and livestock products","566","Nigeria","5510","Production","01379.90","Other nuts (excluding wild edible nuts and groundnuts), in shell, n.e.c.","2022","2022","t","7457.61","E","Estimated value"
"QCL","Crops and livestock products","566","Nigeria","5510","Production","01449.90","Other oil seeds, n.e.c.","2013","2013","t","460","E","Estimated value"
"QCL","Crops and livestock products","566","Nigeria","5510","Production","01449.90","Other oil seeds, n.e.c.","2014","2014","t","500","E","Estimated value"
"QCL","Crops and livestock products","566","Nigeria","5510","Production","01449.90","Other oil seeds, n.e.c.","2015","2015","t","600","E","Estimated value"
"QCL","Crops and livestock products","566","Nigeria","5510","Production","01449.90","Other oil seeds, n.e.c.","2016","2016","t","700","E","Estimated value"
"QCL","Crops and livestock products","566","Nigeria","5510","Production","01449.90","Other oil seeds, n.e.c.","2017","2017","t","800","E","Estimated value"
"QCL","Crops and livestock products","566","Nigeria","5510","Production","01449.90","Other oil seeds, n.e.c.","2018","2018","t","781.25","I","Imputed value"
"QCL","Crops and livestock products","566","Nigeria","5510","Production","01449.90","Other oil seeds, n.e.c.","2019","2019","t","529.93","I","Imputed value"
"QCL","Crops and livestock products","566","Nigeria","5510","Production","01449.90","Other oil seeds, n.e.c.","2020","2020","t","516.74","I","Imputed value"
"QCL","Crops and livestock products","566","Nigeria","5510","Production","01449.90","Other oil seeds, n.e.c.","2021","2021","t","528.41","I","Imputed value"
"QCL","Crops and livestock products","566","Nigeria","5510","Production","01449.90","Other oil seeds, n.e.c.","2022","2022","t","552.96","I","Imputed value"
"QCL","Crops and livestock products","566","Nigeria","5510","Production","01709.90","Other pulses n.e.c.","2013","2013","t","64000","E","Estimated value"
"QCL","Crops and livestock products","566","Nigeria","5510","Production","01709.90","Other pulses n.e.c.","2014","2014","t","67281.04","I","Imputed value"
"QCL","Crops and livestock products","566","Nigeria","5510","Production","01709.90","Other pulses n.e.c.","2015","2015","t","65031.71","I","Imputed value"
"QCL","Crops and livestock products","566","Nigeria","5510","Production","01709.90","Other pulses n.e.c.","2016","2016","t","65992.48","I","Imputed value"
"QCL","Crops and livestock products","566","Nigeria","5510","Production","01709.90","Other pulses n.e.c.","2017","2017","t","66780.25","I","Imputed value"
"QCL","Crops and livestock products","566","Nigeria","5510","Production","01709.90","Other pulses n.e.c.","2018","2018","t","68007.34","I","Imputed value"
"QCL","Crops and livestock products","566","Nigeria","5510","Production","01709.90","Other pulses n.e.c.","2019","2019","t","66926.69","E","Estimated value"
"QCL","Crops and livestock products","566","Nigeria","5510","Production","01709.90","Other pulses n.e.c.","2020","2020","t","67238.09","E","Estimated value"
"QCL","Crops and livestock products","566","Nigeria","5510","Production","01709.90","Other pulses n.e.c.","2021","2021","t","67390.71","E","Estimated value"
"QCL","Crops and livestock products","566","Nigeria","5510","Production","01709.90","Other pulses n.e.c.","2022","2022","t","67185.16","E","Estimated value"
"QCL","Crops and livestock products","566","Nigeria","5510","Production","01699","Other stimulant, spice and aromatic crops, n.e.c.","2013","2013","t","6200","E","Estimated value"
"QCL","Crops and livestock products","566","Nigeria","5510","Production","01699","Other stimulant, spice and aromatic crops, n.e.c.","2014","2014","t","6259.95","I","Imputed value"
"QCL","Crops and livestock products","566","Nigeria","5510","Production","01699","Other stimulant, spice and aromatic crops, n.e.c.","2015","2015","t","6359.54","I","Imputed value"
"QCL","Crops and livestock products","566","Nigeria","5510","Production","01699","Other stimulant, spice and aromatic crops, n.e.c.","2016","2016","t","6551.6","I","Imputed value"
"QCL","Crops and livestock products","566","Nigeria","5510","Production","01699","Other stimulant, spice and aromatic crops, n.e.c.","2017","2017","t","6390.36","E","Estimated value"
"QCL","Crops and livestock products","566","Nigeria","5510","Production","01699","Other stimulant, spice and aromatic crops, n.e.c.","2018","2018","t","7046.29","I","Imputed value"
"QCL","Crops and livestock products","566","Nigeria","5510","Production","01699","Other stimulant, spice and aromatic crops, n.e.c.","2019","2019","t","7888.46","I","Imputed value"
"QCL","Crops and livestock products","566","Nigeria","5510","Production","01699","Other stimulant, spice and aromatic crops, n.e.c.","2020","2020","t","10000","E","Estimated value"
"QCL","Crops and livestock products","566","Nigeria","5510","Production","01699","Other stimulant, spice and aromatic crops, n.e.c.","2021","2021","t","15000","E","Estimated value"
"QCL","Crops and livestock products","566","Nigeria","5510","Production","01699","Other stimulant, spice and aromatic crops, n.e.c.","2022","2022","t","17211.27","I","Imputed value"
"QCL","Crops and livestock products","566","Nigeria","5510","Production","01290.90","Other vegetables, fresh n.e.c.","2013","2013","t","6499587.84","I","Imputed value"
"QCL","Crops and livestock products","566","Nigeria","5510","Production","01290.90","Other vegetables, fresh n.e.c.","2014","2014","t","6714349.87","I","Imputed value"
"QCL","Crops and livestock products","566","Nigeria","5510","Production","01290.90","Other vegetables, fresh n.e.c.","2015","2015","t","6923417.72","I","Imputed value"
"QCL","Crops and livestock products","566","Nigeria","5510","Production","01290.90","Other vegetables, fresh n.e.c.","2016","2016","t","6712451.81","E","Estimated value"
"QCL","Crops and livestock products","566","Nigeria","5510","Production","01290.90","Other vegetables, fresh n.e.c.","2017","2017","t","7042307.58","I","Imputed value"
"QCL","Crops and livestock products","566","Nigeria","5510","Production","01290.90","Other vegetables, fresh n.e.c.","2018","2018","t","6892725.7","E","Estimated value"
"QCL","Crops and livestock products","566","Nigeria","5510","Production","01290.90","Other vegetables, fresh n.e.c.","2019","2019","t","6882495.03","E","Estimated value"
"QCL","Crops and livestock products","566","Nigeria","5510","Production","01290.90","Other vegetables, fresh n.e.c.","2020","2020","t","6939176.11","E","Estimated value"
"QCL","Crops and livestock products","566","Nigeria","5510","Production","01290.90","Other vegetables, fresh n.e.c.","2021","2021","t","6904798.95","E","Estimated value"
"QCL","Crops and livestock products","566","Nigeria","5510","Production","01290.90","Other vegetables, fresh n.e.c.","2022","2022","t","6908823.36","E","Estimated value"
"QCL","Crops and livestock products","566","Nigeria","5510","Production","01491.02","Palm kernels","2013","2013","t","228000","X","Figure from international organizations"
"QCL","Crops and livestock products","566","Nigeria","5510","Production","01491.02","Palm kernels","2014","2014","t","235000","X","Figure from international organizations"
"QCL","Crops and livestock products","566","Nigeria","5510","Production","01491.02","Palm kernels","2015","2015","t","320000","X","Figure from international organizations"
"QCL","Crops and livestock products","566","Nigeria","5510","Production","01491.02","Palm kernels","2016","2016","t","305000","X","Figure from international organizations"
"QCL","Crops and livestock products","566","Nigeria","5510","Production","01491.02","Palm kernels","2017","2017","t","283000","X","Figure from international organizations"
"QCL","Crops and livestock products","566","Nigeria","5510","Production","01491.02","Palm kernels","2018","2018","t","305000","X","Figure from international organizations"
"QCL","Crops and livestock products","566","Nigeria","5510","Production","01491.02","Palm kernels","2019","2019","t","320000","X","Figure from international organizations"
"QCL","Crops and livestock products","566","Nigeria","5510","Production","01491.02","Palm kernels","2020","2020","t","330000","X","Figure from international organizations"
"QCL","Crops and livestock products","566","Nigeria","5510","Production","01491.02","Palm kernels","2021","2021","t","355000","X","Figure from international organizations"
"QCL","Crops and livestock products","566","Nigeria","5510","Production","2165","Palm oil","2013","2013","t","880000","X","Figure from international organizations"
"QCL","Crops and livestock products","566","Nigeria","5510","Production","2165","Palm oil","2014","2014","t","1350095","A","Official figure"
"QCL","Crops and livestock products","566","Nigeria","5510","Production","2165","Palm oil","2015","2015","t","1432103","A","Official figure"
"QCL","Crops and livestock products","566","Nigeria","5510","Production","2165","Palm oil","2016","2016","t","960000","X","Figure from international organizations"
"QCL","Crops and livestock products","566","Nigeria","5510","Production","2165","Palm oil","2017","2017","t","1529315","A","Official figure"
"QCL","Crops and livestock products","566","Nigeria","5510","Production","2165","Palm oil","2018","2018","t","1564599","A","Official figure"
"QCL","Crops and livestock products","566","Nigeria","5510","Production","2165","Palm oil","2019","2019","t","1220000","X","Figure from international organizations"
"QCL","Crops and livestock products","566","Nigeria","5510","Production","2165","Palm oil","2020","2020","t","1280000","X","Figure from international organizations"
"QCL","Crops and livestock products","566","Nigeria","5510","Production","2165","Palm oil","2021","2021","t","1350000","X","Figure from international organizations"
"QCL","Crops and livestock products","566","Nigeria","5510","Production","01317","Papayas","2013","2013","t","800000","E","Estimated value"
"QCL","Crops and livestock products","566","Nigeria","5510","Production","01317","Papayas","2014","2014","t","850000","E","Estimated value"
"QCL","Crops and livestock products","566","Nigeria","5510","Production","01317","Papayas","2015","2015","t","879277.7","I","Imputed value"
"QCL","Crops and livestock products","566","Nigeria","5510","Production","01317","Papayas","2016","2016","t","843092.57","E","Estimated value"
"QCL","Crops and livestock products","566","Nigeria","5510","Production","01317","Papayas","2017","2017","t","838171.9","I","Imputed value"
"QCL","Crops and livestock products","566","Nigeria","5510","Production","01317","Papayas","2018","2018","t","835700.66","I","Imputed value"
"QCL","Crops and livestock products","566","Nigeria","5510","Production","01317","Papayas","2019","2019","t","877594.02","I","Imputed value"
"QCL","Crops and livestock products","566","Nigeria","5510","Production","01317","Papayas","2020","2020","t","886751.99","I","Imputed value"
"QCL","Crops and livestock products","566","Nigeria","5510","Production","01317","Papayas","2021","2021","t","866682.23","E","Estimated value"
"QCL","Crops and livestock products","566","Nigeria","5510","Production","01317","Papayas","2022","2022","t","877009.41","E","Estimated value"
"QCL","Crops and livestock products","566","Nigeria","5510","Production","01318","Pineapples","2013","2013","t","1447643.6","I","Imputed value"
"QCL","Crops and livestock products","566","Nigeria","5510","Production","01318","Pineapples","2014","2014","t","1471403.59","I","Imputed value"
"QCL","Crops and livestock products","566","Nigeria","5510","Production","01318","Pineapples","2015","2015","t","1496185.37","I","Imputed value"
"QCL","Crops and livestock products","566","Nigeria","5510","Production","01318","Pineapples","2016","2016","t","1533207.32","I","Imputed value"
"QCL","Crops and livestock products","566","Nigeria","5510","Production","01318","Pineapples","2017","2017","t","1568421.32","I","Imputed value"
"QCL","Crops and livestock products","566","Nigeria","5510","Production","01318","Pineapples","2018","2018","t","1589394.74","I","Imputed value"
"QCL","Crops and livestock products","566","Nigeria","5510","Production","01318","Pineapples","2019","2019","t","1569952.23","I","Imputed value"
"QCL","Crops and livestock products","566","Nigeria","5510","Production","01318","Pineapples","2020","2020","t","1582518.52","I","Imputed value"
"QCL","Crops and livestock products","566","Nigeria","5510","Production","01318","Pineapples","2021","2021","t","1594859.38","I","Imputed value"
"QCL","Crops and livestock products","566","Nigeria","5510","Production","01318","Pineapples","2022","2022","t","1607200.25","I","Imputed value"
"QCL","Crops and livestock products","566","Nigeria","5510","Production","01313","Plantains and cooking bananas","2013","2013","t","2957045.68","I","Imputed value"
"QCL","Crops and livestock products","566","Nigeria","5510","Production","01313","Plantains and cooking bananas","2014","2014","t","3018843.21","I","Imputed value"
"QCL","Crops and livestock products","566","Nigeria","5510","Production","01313","Plantains and cooking bananas","2015","2015","t","3065944.65","I","Imputed value"
"QCL","Crops and livestock products","566","Nigeria","5510","Production","01313","Plantains and cooking bananas","2016","2016","t","3110863.37","I","Imputed value"
"QCL","Crops and livestock products","566","Nigeria","5510","Production","01313","Plantains and cooking bananas","2017","2017","t","3158912.33","I","Imputed value"
"QCL","Crops and livestock products","566","Nigeria","5510","Production","01313","Plantains and cooking bananas","2018","2018","t","3213228.81","I","Imputed value"
"QCL","Crops and livestock products","566","Nigeria","5510","Production","01313","Plantains and cooking bananas","2019","2019","t","3161001.5","E","Estimated value"
"QCL","Crops and livestock products","566","Nigeria","5510","Production","01313","Plantains and cooking bananas","2020","2020","t","0","M","Missing value (data cannot exist, not applicable)"
"QCL","Crops and livestock products","566","Nigeria","5510","Production","01313","Plantains and cooking bananas","2021","2021","t","0","M","Missing value (data cannot exist, not applicable)"
"QCL","Crops and livestock products","566","Nigeria","5510","Production","01313","Plantains and cooking bananas","2022","2022","t","0","M","Missing value (data cannot exist, not applicable)"
"QCL","Crops and livestock products","566","Nigeria","5510","Production","01510","Potatoes","2013","2013","t","1124985.07","I","Imputed value"
"QCL","Crops and livestock products","566","Nigeria","5510","Production","01510","Potatoes","2014","2014","t","1173145.5","I","Imputed value"
"QCL","Crops and livestock products","566","Nigeria","5510","Production","01510","Potatoes","2015","2015","t","1240446.25","I","Imputed value"
"QCL","Crops and livestock products","566","Nigeria","5510","Production","01510","Potatoes","2016","2016","t","1179525.61","E","Estimated value"
"QCL","Crops and livestock products","566","Nigeria","5510","Production","01510","Potatoes","2017","2017","t","1234968.04","I","Imputed value"
"QCL","Crops and livestock products","566","Nigeria","5510","Production","01510","Potatoes","2018","2018","t","1218313.3","E","Estimated value"
"QCL","Crops and livestock products","566","Nigeria","5510","Production","01510","Potatoes","2019","2019","t","1210935.65","E","Estimated value"
"QCL","Crops and livestock products","566","Nigeria","5510","Production","01510","Potatoes","2020","2020","t","1221405.66","E","Estimated value"
"QCL","Crops and livestock products","566","Nigeria","5510","Production","01510","Potatoes","2021","2021","t","1216884.87","E","Estimated value"
"QCL","Crops and livestock products","566","Nigeria","5510","Production","01510","Potatoes","2022","2022","t","1216408.73","E","Estimated value"
"QCL","Crops and livestock products","566","Nigeria","5510","Production","2351f","Raw cane or beet sugar (centrifugal only)","2013","2013","t","10870","X","Figure from international organizations"
"QCL","Crops and livestock products","566","Nigeria","5510","Production","2351f","Raw cane or beet sugar (centrifugal only)","2014","2014","t","15000","X","Figure from international organizations"
"QCL","Crops and livestock products","566","Nigeria","5510","Production","2351f","Raw cane or beet sugar (centrifugal only)","2015","2015","t","16000","X","Figure from international organizations"
"QCL","Crops and livestock products","566","Nigeria","5510","Production","2351f","Raw cane or beet sugar (centrifugal only)","2016","2016","t","23000","X","Figure from international organizations"
"QCL","Crops and livestock products","566","Nigeria","5510","Production","2351f","Raw cane or beet sugar (centrifugal only)","2017","2017","t","25000","X","Figure from international organizations"
"QCL","Crops and livestock products","566","Nigeria","5510","Production","2351f","Raw cane or beet sugar (centrifugal only)","2018","2018","t","30000","X","Figure from international organizations"
"QCL","Crops and livestock products","566","Nigeria","5510","Production","2351f","Raw cane or beet sugar (centrifugal only)","2019","2019","t","20900","X","Figure from international organizations"
"QCL","Crops and livestock products","566","Nigeria","5510","Production","2351f","Raw cane or beet sugar (centrifugal only)","2020","2020","t","17800","X","Figure from international organizations"
"QCL","Crops and livestock products","566","Nigeria","5510","Production","2351f","Raw cane or beet sugar (centrifugal only)","2021","2021","t","34150","X","Figure from international organizations"
"QCL","Crops and livestock products","566","Nigeria","5510","Production","0113","Rice","2013","2013","t","4823330","A","Official figure"
"QCL","Crops and livestock products","566","Nigeria","5510","Production","0113","Rice","2014","2014","t","6617890","A","Official figure"
"QCL","Crops and livestock products","566","Nigeria","5510","Production","0113","Rice","2015","2015","t","7186570","A","Official figure"
"QCL","Crops and livestock products","566","Nigeria","5510","Production","0113","Rice","2016","2016","t","10516561","A","Official figure"
"QCL","Crops and livestock products","566","Nigeria","5510","Production","0113","Rice","2017","2017","t","10889549","A","Official figure"
"QCL","Crops and livestock products","566","Nigeria","5510","Production","0113","Rice","2018","2018","t","10858537","A","Official figure"
"QCL","Crops and livestock products","566","Nigeria","5510","Production","0113","Rice","2019","2019","t","8435510","A","Official figure"
"QCL","Crops and livestock products","566","Nigeria","5510","Production","0113","Rice","2020","2020","t","8171800","A","Official figure"
"QCL","Crops and livestock products","566","Nigeria","5510","Production","0113","Rice","2021","2021","t","8342000","A","Official figure"
"QCL","Crops and livestock products","566","Nigeria","5510","Production","0113","Rice","2022","2022","t","8502000","A","Official figure"
"QCL","Crops and livestock products","566","Nigeria","5510","Production","01921.01","Seed cotton, unginned","2013","2013","t","269710","A","Official figure"
"QCL","Crops and livestock products","566","Nigeria","5510","Production","01921.01","Seed cotton, unginned","2014","2014","t","290162","A","Official figure"
"QCL","Crops and livestock products","566","Nigeria","5510","Production","01921.01","Seed cotton, unginned","2015","2015","t","277523","A","Official figure"
"QCL","Crops and livestock products","566","Nigeria","5510","Production","01921.01","Seed cotton, unginned","2016","2016","t","278821","A","Official figure"
"QCL","Crops and livestock products","566","Nigeria","5510","Production","01921.01","Seed cotton, unginned","2017","2017","t","150000","E","Estimated value"
"QCL","Crops and livestock products","566","Nigeria","5510","Production","01921.01","Seed cotton, unginned","2018","2018","t","150000","E","Estimated value"
"QCL","Crops and livestock products","566","Nigeria","5510","Production","01921.01","Seed cotton, unginned","2019","2019","t","110000","E","Estimated value"
"QCL","Crops and livestock products","566","Nigeria","5510","Production","01921.01","Seed cotton, unginned","2020","2020","t","236840","A","Official figure"
"QCL","Crops and livestock products","566","Nigeria","5510","Production","01921.01","Seed cotton, unginned","2021","2021","t","242740","A","Official figure"
"QCL","Crops and livestock products","566","Nigeria","5510","Production","01921.01","Seed cotton, unginned","2022","2022","t","223679.42","I","Imputed value"
"QCL","Crops and livestock products","566","Nigeria","5510","Production","01444","Sesame seed","2013","2013","t","584980","A","Official figure"
"QCL","Crops and livestock products","566","Nigeria","5510","Production","01444","Sesame seed","2014","2014","t","434990","A","Official figure"
"QCL","Crops and livestock products","566","Nigeria","5510","Production","01444","Sesame seed","2015","2015","t","432900","A","Official figure"
"QCL","Crops and livestock products","566","Nigeria","5510","Production","01444","Sesame seed","2016","2016","t","593604","A","Official figure"
"QCL","Crops and livestock products","566","Nigeria","5510","Production","01444","Sesame seed","2017","2017","t","632317","A","Official figure"
"QCL","Crops and livestock products","566","Nigeria","5510","Production","01444","Sesame seed","2018","2018","t","480000","X","Figure from international organizations"
"QCL","Crops and livestock products","566","Nigeria","5510","Production","01444","Sesame seed","2019","2019","t","510000","X","Figure from international organizations"
"QCL","Crops and livestock products","566","Nigeria","5510","Production","01444","Sesame seed","2020","2020","t","195426.98","A","Official figure"
"QCL","Crops and livestock products","566","Nigeria","5510","Production","01444","Sesame seed","2021","2021","t","440000","X","Figure from international organizations"
"QCL","Crops and livestock products","566","Nigeria","5510","Production","01444","Sesame seed","2022","2022","t","450000","X","Figure from international organizations"
"QCL","Crops and livestock products","566","Nigeria","5510","Production","0114","Sorghum","2013","2013","t","5300270","A","Official figure"
"QCL","Crops and livestock products","566","Nigeria","5510","Production","0114","Sorghum","2014","2014","t","6883294","A","Official figure"
"QCL","Crops and livestock products","566","Nigeria","5510","Production","0114","Sorghum","2015","2015","t","7005025","A","Official figure"
"QCL","Crops and livestock products","566","Nigeria","5510","Production","0114","Sorghum","2016","2016","t","7556076","A","Official figure"
"QCL","Crops and livestock products","566","Nigeria","5510","Production","0114","Sorghum","2017","2017","t","6939000","A","Official figure"
"QCL","Crops and livestock products","566","Nigeria","5510","Production","0114","Sorghum","2018","2018","t","6800000","X","Figure from international organizations"
"QCL","Crops and livestock products","566","Nigeria","5510","Production","0114","Sorghum","2019","2019","t","6665000","X","Figure from international organizations"
"QCL","Crops and livestock products","566","Nigeria","5510","Production","0114","Sorghum","2020","2020","t","6590600","A","Official figure"
"QCL","Crops and livestock products","566","Nigeria","5510","Production","0114","Sorghum","2021","2021","t","6725500","A","Official figure"
"QCL","Crops and livestock products","566","Nigeria","5510","Production","0114","Sorghum","2022","2022","t","6806370","X","Figure from international organizations"
"QCL","Crops and livestock products","566","Nigeria","5510","Production","2161","Soya bean oil","2013","2013","t","77300","X","Figure from international organizations"
"QCL","Crops and livestock products","566","Nigeria","5510","Production","2161","Soya bean oil","2014","2014","t","71700","X","Figure from international organizations"
"QCL","Crops and livestock products","566","Nigeria","5510","Production","2161","Soya bean oil","2015","2015","t","92100","X","Figure from international organizations"
"QCL","Crops and livestock products","566","Nigeria","5510","Production","2161","Soya bean oil","2016","2016","t","87000","X","Figure from international organizations"
"QCL","Crops and livestock products","566","Nigeria","5510","Production","2161","Soya bean oil","2017","2017","t","75300","X","Figure from international organizations"
"QCL","Crops and livestock products","566","Nigeria","5510","Production","2161","Soya bean oil","2018","2018","t","84300","X","Figure from international organizations"
"QCL","Crops and livestock products","566","Nigeria","5510","Production","2161","Soya bean oil","2019","2019","t","124500","X","Figure from international organizations"
"QCL","Crops and livestock products","566","Nigeria","5510","Production","2161","Soya bean oil","2020","2020","t","120400","X","Figure from international organizations"
"QCL","Crops and livestock products","566","Nigeria","5510","Production","2161","Soya bean oil","2021","2021","t","123700","X","Figure from international organizations"
"QCL","Crops and livestock products","566","Nigeria","5510","Production","0141","Soya beans","2013","2013","t","517960","A","Official figure"
"QCL","Crops and livestock products","566","Nigeria","5510","Production","0141","Soya beans","2014","2014","t","623815","A","Official figure"
"QCL","Crops and livestock products","566","Nigeria","5510","Production","0141","Soya beans","2015","2015","t","588523","A","Official figure"
"QCL","Crops and livestock products","566","Nigeria","5510","Production","0141","Soya beans","2016","2016","t","936887","A","Official figure"
"QCL","Crops and livestock products","566","Nigeria","5510","Production","0141","Soya beans","2017","2017","t","993955","A","Official figure"
"QCL","Crops and livestock products","566","Nigeria","5510","Production","0141","Soya beans","2018","2018","t","660000","X","Figure from international organizations"
"QCL","Crops and livestock products","566","Nigeria","5510","Production","0141","Soya beans","2019","2019","t","800000","X","Figure from international organizations"
"QCL","Crops and livestock products","566","Nigeria","5510","Production","0141","Soya beans","2020","2020","t","1262280","A","Official figure"
"QCL","Crops and livestock products","566","Nigeria","5510","Production","0141","Soya beans","2021","2021","t","1166050","A","Official figure"
"QCL","Crops and livestock products","566","Nigeria","5510","Production","0141","Soya beans","2022","2022","t","1060000","X","Figure from international organizations"
"QCL","Crops and livestock products","566","Nigeria","5510","Production","01802","Sugar cane","2013","2013","t","1301531.28","I","Imputed value"
"QCL","Crops and livestock products","566","Nigeria","5510","Production","01802","Sugar cane","2014","2014","t","1413512","A","Official figure"
"QCL","Crops and livestock products","566","Nigeria","5510","Production","01802","Sugar cane","2015","2015","t","1449963","A","Official figure"
"QCL","Crops and livestock products","566","Nigeria","5510","Production","01802","Sugar cane","2016","2016","t","1487173","A","Official figure"
"QCL","Crops and livestock products","566","Nigeria","5510","Production","01802","Sugar cane","2017","2017","t","1496330.15","I","Imputed value"
"QCL","Crops and livestock products","566","Nigeria","5510","Production","01802","Sugar cane","2018","2018","t","1499275.6","I","Imputed value"
"QCL","Crops and livestock products","566","Nigeria","5510","Production","01802","Sugar cane","2019","2019","t","1509944.58","I","Imputed value"
"QCL","Crops and livestock products","566","Nigeria","5510","Production","01802","Sugar cane","2020","2020","t","1524038.39","I","Imputed value"
"QCL","Crops and livestock products","566","Nigeria","5510","Production","01802","Sugar cane","2021","2021","t","1542792.01","I","Imputed value"
"QCL","Crops and livestock products","566","Nigeria","5510","Production","01802","Sugar cane","2022","2022","t","1525591.66","E","Estimated value"
"QCL","Crops and livestock products","566","Nigeria","5510","Production","01530","Sweet potatoes","2013","2013","t","3676708.87","I","Imputed value"
"QCL","Crops and livestock products","566","Nigeria","5510","Production","01530","Sweet potatoes","2014","2014","t","3734748.58","I","Imputed value"
"QCL","Crops and livestock products","566","Nigeria","5510","Production","01530","Sweet potatoes","2015","2015","t","3857241.92","I","Imputed value"
"QCL","Crops and livestock products","566","Nigeria","5510","Production","01530","Sweet potatoes","2016","2016","t","3933480.17","I","Imputed value"
"QCL","Crops and livestock products","566","Nigeria","5510","Production","01530","Sweet potatoes","2017","2017","t","3987388.8","I","Imputed value"
"QCL","Crops and livestock products","566","Nigeria","5510","Production","01530","Sweet potatoes","2018","2018","t","4062466.4","I","Imputed value"
"QCL","Crops and livestock products","566","Nigeria","5510","Production","01530","Sweet potatoes","2019","2019","t","3994445.13","E","Estimated value"
"QCL","Crops and livestock products","566","Nigeria","5510","Production","01530","Sweet potatoes","2020","2020","t","4014766.78","E","Estimated value"
"QCL","Crops and livestock products","566","Nigeria","5510","Production","01530","Sweet potatoes","2021","2021","t","4023892.77","E","Estimated value"
"QCL","Crops and livestock products","566","Nigeria","5510","Production","01530","Sweet potatoes","2022","2022","t","4011034.89","E","Estimated value"
"QCL","Crops and livestock products","566","Nigeria","5510","Production","01550","Taro","2013","2013","t","3058300","A","Official figure"
"QCL","Crops and livestock products","566","Nigeria","5510","Production","01550","Taro","2014","2014","t","3273000","A","Official figure"
"QCL","Crops and livestock products","566","Nigeria","5510","Production","01550","Taro","2015","2015","t","3276700","A","Official figure"
"QCL","Crops and livestock products","566","Nigeria","5510","Production","01550","Taro","2016","2016","t","7151180","A","Official figure"
"QCL","Crops and livestock products","566","Nigeria","5510","Production","01550","Taro","2017","2017","t","7549500","A","Official figure"
"QCL","Crops and livestock products","566","Nigeria","5510","Production","01550","Taro","2018","2018","t","7930830","A","Official figure"
"QCL","Crops and livestock products","566","Nigeria","5510","Production","01550","Taro","2019","2019","t","7900080","A","Official figure"
"QCL","Crops and livestock products","566","Nigeria","5510","Production","01550","Taro","2020","2020","t","7867170","A","Official figure"
"QCL","Crops and livestock products","566","Nigeria","5510","Production","01550","Taro","2021","2021","t","8202650","A","Official figure"
"QCL","Crops and livestock products","566","Nigeria","5510","Production","01550","Taro","2022","2022","t","8200000","E","Estimated value"
"QCL","Crops and livestock products","566","Nigeria","5510","Production","01234","Tomatoes","2013","2013","t","1925120","A","Official figure"
"QCL","Crops and livestock products","566","Nigeria","5510","Production","01234","Tomatoes","2014","2014","t","4083500","A","Official figure"
"QCL","Crops and livestock products","566","Nigeria","5510","Production","01234","Tomatoes","2015","2015","t","4229330","A","Official figure"
"QCL","Crops and livestock products","566","Nigeria","5510","Production","01234","Tomatoes","2016","2016","t","2632500","A","Official figure"
"QCL","Crops and livestock products","566","Nigeria","5510","Production","01234","Tomatoes","2017","2017","t","2809200","A","Official figure"
"QCL","Crops and livestock products","566","Nigeria","5510","Production","01234","Tomatoes","2018","2018","t","3500000","E","Estimated value"
"QCL","Crops and livestock products","566","Nigeria","5510","Production","01234","Tomatoes","2019","2019","t","3449022.28","I","Imputed value"
"QCL","Crops and livestock products","566","Nigeria","5510","Production","01234","Tomatoes","2020","2020","t","3390170","A","Official figure"
"QCL","Crops and livestock products","566","Nigeria","5510","Production","01234","Tomatoes","2021","2021","t","3477981","A","Official figure"
"QCL","Crops and livestock products","566","Nigeria","5510","Production","01234","Tomatoes","2022","2022","t","3684566.41","I","Imputed value"
"QCL","Crops and livestock products","566","Nigeria","5510","Production","01970","Unmanufactured tobacco","2013","2013","t","5748.51","I","Imputed value"
"QCL","Crops and livestock products","566","Nigeria","5510","Production","01970","Unmanufactured tobacco","2014","2014","t","5435.52","I","Imputed value"
"QCL","Crops and livestock products","566","Nigeria","5510","Production","01970","Unmanufactured tobacco","2015","2015","t","5000","E","Estimated value"
"QCL","Crops and livestock products","566","Nigeria","5510","Production","01970","Unmanufactured tobacco","2016","2016","t","5500","E","Estimated value"
"QCL","Crops and livestock products","566","Nigeria","5510","Production","01970","Unmanufactured tobacco","2017","2017","t","6000","E","Estimated value"
"QCL","Crops and livestock products","566","Nigeria","5510","Production","01970","Unmanufactured tobacco","2018","2018","t","5500","E","Estimated value"
"QCL","Crops and livestock products","566","Nigeria","5510","Production","01970","Unmanufactured tobacco","2019","2019","t","5666.67","E","Estimated value"
"QCL","Crops and livestock products","566","Nigeria","5510","Production","01970","Unmanufactured tobacco","2020","2020","t","5722.22","E","Estimated value"
"QCL","Crops and livestock products","566","Nigeria","5510","Production","01970","Unmanufactured tobacco","2021","2021","t","5629.63","E","Estimated value"
"QCL","Crops and livestock products","566","Nigeria","5510","Production","01970","Unmanufactured tobacco","2022","2022","t","5672.84","E","Estimated value"
"QCL","Crops and livestock products","566","Nigeria","5510","Production","0111","Wheat","2013","2013","t","80000","X","Figure from international organizations"
"QCL","Crops and livestock products","566","Nigeria","5510","Production","0111","Wheat","2014","2014","t","91300","A","Official figure"
"QCL","Crops and livestock products","566","Nigeria","5510","Production","0111","Wheat","2015","2015","t","60000","X","Figure from international organizations"
"QCL","Crops and livestock products","566","Nigeria","5510","Production","0111","Wheat","2016","2016","t","60000","X","Figure from international organizations"
"QCL","Crops and livestock products","566","Nigeria","5510","Production","0111","Wheat","2017","2017","t","82758","A","Official figure"
"QCL","Crops and livestock products","566","Nigeria","5510","Production","0111","Wheat","2018","2018","t","88362","A","Official figure"
"QCL","Crops and livestock products","566","Nigeria","5510","Production","0111","Wheat","2019","2019","t","86900","A","Official figure"
"QCL","Crops and livestock products","566","Nigeria","5510","Production","0111","Wheat","2020","2020","t","55000","X","Figure from international organizations"
"QCL","Crops and livestock products","566","Nigeria","5510","Production","0111","Wheat","2021","2021","t","90000","X","Figure from international organizations"
"QCL","Crops and livestock products","566","Nigeria","5510","Production","0111","Wheat","2022","2022","t","110000","X","Figure from international organizations"
"QCL","Crops and livestock products","566","Nigeria","5510","Production","01540","Yams","2013","2013","t","35618420","A","Official figure"
"QCL","Crops and livestock products","566","Nigeria","5510","Production","01540","Yams","2014","2014","t","43709800","A","Official figure"
"QCL","Crops and livestock products","566","Nigeria","5510","Production","01540","Yams","2015","2015","t","44103900","A","Official figure"
"QCL","Crops and livestock products","566","Nigeria","5510","Production","01540","Yams","2016","2016","t","48982621","A","Official figure"
"QCL","Crops and livestock products","566","Nigeria","5510","Production","01540","Yams","2017","2017","t","49519100","A","Official figure"
"QCL","Crops and livestock products","566","Nigeria","5510","Production","01540","Yams","2018","2018","t","55363999","A","Official figure"
"QCL","Crops and livestock products","566","Nigeria","5510","Production","01540","Yams","2019","2019","t","52914910","A","Official figure"
"QCL","Crops and livestock products","566","Nigeria","5510","Production","01540","Yams","2020","2020","t","56345530","A","Official figure"
"QCL","Crops and livestock products","566","Nigeria","5510","Production","01540","Yams","2021","2021","t","59884050","A","Official figure"
"QCL","Crops and livestock products","566","Nigeria","5510","Production","01540","Yams","2022","2022","t","61171001.25","I","Imputed value"
